{
  "name": "hotel",
  "version": "0.1.0",
  "dependencies": {
    "@craco/craco": "^3.2.3",
    "antd": "^3.12.1",
    "babel-plugin-import": "^1.11.0",
    "craco-antd": "^1.9.3",
    "customize-cra": "^0.2.9",
    "lerna": "^3.8.5",
    "react": "^16.7.0-alpha.0",
    "react-app-rewired": "^2.0.1",
    "react-dom": "^16.7.0-alpha.0",
    "react-scripts": "^2.1.2",
    "rescripts": "^0.0.1-security",
    "styled-components": "^4.1.3"
  },
  "scripts": {
    "start": "react-app-rewired start",
    "build": "BUNDLE_VISUALIZE=1 react-app-rewired build",
    "test": "react-app-rewired test",
    "eject": "react-scripts eject"
  },
  "eslintConfig": {
    "extends": "react-app"
  },
  "browserslist": [
    ">0.2%",
    "not dead",
    "not ie <= 11",
    "not op_mini all"
  ]
}
