{"properties": [
  {
    "name": "cloud.aws.credentials.access-key",
    "type": "java.lang.String",
    "description": "A description for 'cloud.aws.credentials.access-key'"
  },
  {
    "name": "cloud.aws.credentials.secret-key",
    "type": "java.lang.String",
    "description": "A description for 'cloud.aws.credentials.secret-key'"
  },
  {
    "name": "cloud.aws.region.static",
    "type": "java.lang.String",
    "description": "A description for 'cloud.aws.region.static'"
  },
  {
    "name": "cloud.aws.stack.auto",
    "type": "java.lang.String",
    "description": "A description for 'cloud.aws.stack.auto'"
  },
  {
    "name": "application.bucket.name",
    "type": "java.lang.String",
    "description": "A description for 'application.bucket.name'"
  },
  {
    "name": "jwt.secret",
    "type": "java.lang.String",
    "description": "A description for 'jwt.secret'"
  }
]}